{
    "id": "recall-knowledge",
    "title": "Recall Knowledge",
    "description": "A FoundryVTT module providing enhanced rules engine functionality and knowledge management features.",
    "authors": [
        {
            "name": "Module Developer",
            "email": "developer@example.com"
        }
    ],
    "version": "1.0.0",
    "compatibility": {
        "minimum": "13",
        "verified": "13",
        "maximum": "13"
    },
    "esmodules": [
        "scripts/recall-knowledge.js",
        "tests/recall-knowledge.test.js"
    ],
    "styles": [
        "styles/recall-knowledge.css"
    ],
    "languages": [
        {
            "lang": "en",
            "name": "English",
            "path": "lang/en.json"
        }
    ],
    "socket": true,
    "url": "https://github.com/your-username/recall-knowledge",
    "manifest": "https://github.com/your-username/recall-knowledge/releases/latest/download/module.json",
    "download": "https://github.com/your-username/recall-knowledge/releases/latest/download/recall-knowledge.zip",
    "bugs": "https://github.com/your-username/recall-knowledge/issues",
    "changelog": "https://github.com/your-username/recall-knowledge/blob/main/CHANGELOG.md"
}